pc1,pc2,sentence,cluster
2.7994885,0.47755852,g,2
2.7994885,0.47755852,g,2
2.7994885,0.47755852,g,2
2.7994885,0.47755852,g,2
2.7994885,0.47755852,g,2
2.1798344,0.22277382,", chess and Go)",2
